-- tdep-auth-service 默认 RBAC 初始化数据。
-- admin 默认密码：Admin@123456
INSERT INTO sys_user (id, username, password, nickname, phone, email, status, last_login_time, created_at, updated_at, deleted)
VALUES (1000000000000000001, 'admin', '$2a$10$fzApts.cL3Hq1ROn/fu8auT/VWfiWKk9QIXg0h3dOtd8J3MFICp7y',
        '系统管理员', NULL, 'admin@tdep.local', 1, NULL, NOW(), NOW(), 0)
ON DUPLICATE KEY UPDATE nickname   = VALUES(nickname),
                        email      = VALUES(email),
                        status     = VALUES(status),
                        updated_at = NOW(),
                        deleted    = 0;

INSERT INTO sys_role (id, role_code, role_name, description, status, created_at, updated_at, deleted)
VALUES (1000000000000000101, 'ADMIN', '系统管理员', '拥有认证授权模块全部权限', 1, NOW(), NOW(), 0),
       (1000000000000000102, 'USER', '普通用户', '平台默认注册用户角色', 1, NOW(), NOW(), 0),
       (1000000000000000103, 'JUDGE', '法官', '拥有案件审理相关权限', 1, NOW(), NOW(), 0)
ON DUPLICATE KEY UPDATE role_name   = VALUES(role_name),
                        description = VALUES(description),
                        status      = VALUES(status),
                        updated_at  = NOW(),
                        deleted     = 0;

INSERT INTO sys_permission (id, permission_code, permission_name, permission_type, resource_path, http_method, description, status,
                            created_at, updated_at, deleted)
VALUES (1000000000000000201, 'auth:user:read', '读取当前用户', 'API', '/api/auth/me', 'GET', '读取当前登录用户信息', 1, NOW(), NOW(), 0),
       (1000000000000000202, 'auth:user:create', '创建用户', 'API', '/api/auth/register', 'POST', '注册或创建用户账号', 1, NOW(), NOW(), 0),
       (1000000000000000203, 'auth:token:issue', '签发令牌', 'API', '/api/auth/login', 'POST', '用户登录并签发访问令牌', 1, NOW(), NOW(), 0),
       (1000000000000000204, 'auth:token:revoke', '注销令牌', 'API', '/api/auth/logout', 'POST', '退出登录并注销访问令牌', 1, NOW(), NOW(), 0),
       (1000000000000000205, 'auth:rbac:manage', '管理权限', 'API', '/api/auth/**', '*', '认证授权模块管理权限', 1, NOW(), NOW(), 0)
ON DUPLICATE KEY UPDATE permission_name = VALUES(permission_name),
                        permission_type = VALUES(permission_type),
                        resource_path   = VALUES(resource_path),
                        http_method     = VALUES(http_method),
                        description     = VALUES(description),
                        status          = VALUES(status),
                        updated_at      = NOW(),
                        deleted         = 0;

INSERT INTO sys_user_role (id, user_id, role_id, created_at, updated_at, deleted)
VALUES (1000000000000000301, 1000000000000000001, 1000000000000000101, NOW(), NOW(), 0)
ON DUPLICATE KEY UPDATE updated_at = NOW(),
                        deleted    = 0;

-- ADMIN 角色：全部权限
INSERT INTO sys_role_permission (id, role_id, permission_id, created_at, updated_at, deleted)
VALUES (1000000000000000401, 1000000000000000101, 1000000000000000201, NOW(), NOW(), 0),
       (1000000000000000402, 1000000000000000101, 1000000000000000202, NOW(), NOW(), 0),
       (1000000000000000403, 1000000000000000101, 1000000000000000203, NOW(), NOW(), 0),
       (1000000000000000404, 1000000000000000101, 1000000000000000204, NOW(), NOW(), 0),
       (1000000000000000405, 1000000000000000101, 1000000000000000205, NOW(), NOW(), 0),
       (1000000000000000406, 1000000000000000101, 2000000000000000001, NOW(), NOW(), 0),
       (1000000000000000407, 1000000000000000101, 2000000000000000002, NOW(), NOW(), 0),
       (1000000000000000408, 1000000000000000101, 2000000000000000003, NOW(), NOW(), 0),
       (1000000000000000409, 1000000000000000101, 2000000000000000004, NOW(), NOW(), 0),
       (1000000000000000410, 1000000000000000101, 2000000000000000005, NOW(), NOW(), 0),
       (1000000000000000411, 1000000000000000101, 2000000000000000006, NOW(), NOW(), 0),
       (1000000000000000412, 1000000000000000101, 2000000000000000007, NOW(), NOW(), 0),
       (1000000000000000413, 1000000000000000101, 2000000000000000008, NOW(), NOW(), 0),
       (1000000000000000414, 1000000000000000101, 2000000000000000009, NOW(), NOW(), 0),
       (1000000000000000415, 1000000000000000101, 2000000000000000010, NOW(), NOW(), 0),
       (1000000000000000416, 1000000000000000101, 2000000000000000011, NOW(), NOW(), 0),
       (1000000000000000417, 1000000000000000101, 2000000000000000012, NOW(), NOW(), 0),
       (1000000000000000418, 1000000000000000101, 2000000000000000013, NOW(), NOW(), 0),
       (1000000000000000419, 1000000000000000101, 2000000000000000014, NOW(), NOW(), 0),
       (1000000000000000420, 1000000000000000101, 2000000000000000015, NOW(), NOW(), 0),
       (1000000000000000421, 1000000000000000101, 2000000000000000016, NOW(), NOW(), 0),
       (1000000000000000422, 1000000000000000101, 2000000000000000017, NOW(), NOW(), 0),
       (1000000000000000423, 1000000000000000101, 2000000000000000018, NOW(), NOW(), 0),
       (1000000000000000424, 1000000000000000101, 2000000000000000019, NOW(), NOW(), 0),
       (1000000000000000425, 1000000000000000101, 2000000000000000020, NOW(), NOW(), 0),
       (1000000000000000426, 1000000000000000101, 2000000000000000021, NOW(), NOW(), 0),
       (1000000000000000427, 1000000000000000101, 2000000000000000022, NOW(), NOW(), 0),
       (1000000000000000428, 1000000000000000101, 2000000000000000023, NOW(), NOW(), 0),
       (1000000000000000429, 1000000000000000101, 2000000000000000024, NOW(), NOW(), 0),
       (1000000000000000430, 1000000000000000101, 2000000000000000025, NOW(), NOW(), 0),
       -- USER 角色：普通用户权限
       (1000000000000000501, 1000000000000000102, 1000000000000000201, NOW(), NOW(), 0),
       (1000000000000000502, 1000000000000000102, 1000000000000000204, NOW(), NOW(), 0),
       (1000000000000000503, 1000000000000000102, 2000000000000000001, NOW(), NOW(), 0),
       (1000000000000000504, 1000000000000000102, 2000000000000000002, NOW(), NOW(), 0),
       (1000000000000000505, 1000000000000000102, 2000000000000000004, NOW(), NOW(), 0),
       (1000000000000000506, 1000000000000000102, 2000000000000000006, NOW(), NOW(), 0),
       (1000000000000000507, 1000000000000000102, 2000000000000000009, NOW(), NOW(), 0),
       (1000000000000000508, 1000000000000000102, 2000000000000000010, NOW(), NOW(), 0),
       (1000000000000000509, 1000000000000000102, 2000000000000000011, NOW(), NOW(), 0),
       (1000000000000000510, 1000000000000000102, 2000000000000000014, NOW(), NOW(), 0),
       (1000000000000000511, 1000000000000000102, 2000000000000000020, NOW(), NOW(), 0),
       (1000000000000000512, 1000000000000000102, 2000000000000000021, NOW(), NOW(), 0),
       (1000000000000000513, 1000000000000000102, 2000000000000000022, NOW(), NOW(), 0),
       (1000000000000000514, 1000000000000000102, 2000000000000000023, NOW(), NOW(), 0),
       -- JUDGE 角色：法官权限
       (1000000000000000601, 1000000000000000103, 1000000000000000201, NOW(), NOW(), 0),
       (1000000000000000602, 1000000000000000103, 1000000000000000204, NOW(), NOW(), 0),
       (1000000000000000603, 1000000000000000103, 2000000000000000003, NOW(), NOW(), 0),
       (1000000000000000604, 1000000000000000103, 2000000000000000004, NOW(), NOW(), 0),
       (1000000000000000605, 1000000000000000103, 2000000000000000005, NOW(), NOW(), 0),
       (1000000000000000606, 1000000000000000103, 2000000000000000007, NOW(), NOW(), 0),
       (1000000000000000607, 1000000000000000103, 2000000000000000008, NOW(), NOW(), 0),
       (1000000000000000608, 1000000000000000103, 2000000000000000011, NOW(), NOW(), 0),
       (1000000000000000609, 1000000000000000103, 2000000000000000012, NOW(), NOW(), 0),
       (1000000000000000610, 1000000000000000103, 2000000000000000013, NOW(), NOW(), 0),
       (1000000000000000611, 1000000000000000103, 2000000000000000015, NOW(), NOW(), 0),
       (1000000000000000612, 1000000000000000103, 2000000000000000016, NOW(), NOW(), 0),
       (1000000000000000613, 1000000000000000103, 2000000000000000017, NOW(), NOW(), 0),
       (1000000000000000614, 1000000000000000103, 2000000000000000018, NOW(), NOW(), 0),
       (1000000000000000615, 1000000000000000103, 2000000000000000020, NOW(), NOW(), 0),
       (1000000000000000616, 1000000000000000103, 2000000000000000021, NOW(), NOW(), 0),
       (1000000000000000617, 1000000000000000103, 2000000000000000022, NOW(), NOW(), 0),
       (1000000000000000618, 1000000000000000103, 2000000000000000023, NOW(), NOW(), 0),
       (1000000000000000619, 1000000000000000103, 2000000000000000024, NOW(), NOW(), 0)
ON DUPLICATE KEY UPDATE updated_at = NOW(),
                        deleted    = 0;
